sample-id	fwd_barcode	rev_barcode	forward_primer	reverse_primer	location	temperature	salinity	sample
AM1	GAAGAG	TAGCGTCG	GACCCTATGGAGCTTTAGAC	CGCTGTTATCCCTADRGTAACT	mudflats	12	32	AM1
AM2	GAAGAG	TCTACTCG	GACCCTATGGAGCTTTAGAC	CGCTGTTATCCCTADRGTAACT	mudflats	14	32	AM2
AM3	GAAGAG	ATGACTCG	GACCCTATGGAGCTTTAGAC	CGCTGTTATCCCTADRGTAACT	mudflats	12	32	AM3
AM4	GAAGAG	ATCTATCG	GACCCTATGGAGCTTTAGAC	CGCTGTTATCCCTADRGTAACT	mudflats	10	32	AM4
AM5	GAAGAG	ACAGATCG	GACCCTATGGAGCTTTAGAC	CGCTGTTATCCCTADRGTAACT	mudflats	12	34	AM5
AM6	GAAGAG	ATACTGCG	GACCCTATGGAGCTTTAGAC	CGCTGTTATCCCTADRGTAACT	mudflats	10	34	AM6
AS2	GAAGAG	AGATACTC	GACCCTATGGAGCTTTAGAC	CGCTGTTATCCCTADRGTAACT	shore	12	32	AS2
AS3	GAAGAG	ATGCGATG	GACCCTATGGAGCTTTAGAC	CGCTGTTATCCCTADRGTAACT	shore	12	32	AS3
AS4	GAAGAG	TGCTACTC	GACCCTATGGAGCTTTAGAC	CGCTGTTATCCCTADRGTAACT	shore	10	34	AS4
AS5	GAAGAG	ACGTCATG	GACCCTATGGAGCTTTAGAC	CGCTGTTATCCCTADRGTAACT	shore	14	34	AS5
AS6	GAAGAG	TCATGTCG	GACCCTATGGAGCTTTAGAC	CGCTGTTATCCCTADRGTAACT	shore	10	34	AS6
ASN	GAAGAG	AGACGCTC	GACCCTATGGAGCTTTAGAC	CGCTGTTATCCCTADRGTAACT	negative	NA	NA	ASN
